<?xml version="1.0" encoding="UTF-8"?>
<project-private xmlns="http://www.netbeans.org/ns/project-private/1">
    <editor-bookmarks xmlns="http://www.netbeans.org/ns/editor-bookmarks/2" lastBookmarkId="0"/>
    <open-files xmlns="http://www.netbeans.org/ns/projectui-open-files/2">
        <group name="Programación">
            <file>file:/F:/Netbeans/Entornos/ED_UT4_Proyecto/src/ed_ut4_proyecto/Pelicula.java</file>
            <file>file:/F:/Netbeans/Entornos/ED_UT4_Proyecto/src/ed_ut4_proyecto/Socio.java</file>
            <file>file:/F:/Netbeans/Entornos/ED_UT4_Proyecto/src/ed_ut4_proyecto/ED_UT4_Proyecto.java</file>
        </group>
        <group>
            <file>file:/C:/Users/rdlrosac01/Documents/Netbeans/Entornos/ED_UT4_Proyecto/src/ed_ut4_proyecto/Pelicula.java</file>
            <file>file:/C:/Users/rdlrosac01/Documents/Netbeans/Entornos/ED_UT4_Proyecto/src/ed_ut4_proyecto/ED_UT4_Proyecto.java</file>
            <file>file:/C:/Users/rdlrosac01/Documents/Netbeans/Entornos/ED_UT4_Proyecto/src/ed_ut4_proyecto/Socio.java</file>
        </group>
    </open-files>
</project-private>
